{
  "south" : -0.552333,
  "west" : 166.899,
  "country" : "Nauru",
  "jsonBorder" : [
    [
      [
        [
          166.9274,
          -0.5536
        ],
        [
          166.9171,
          -0.5488
        ],
        [
          166.9124,
          -0.5437
        ],
        [
          166.9097,
          -0.537
        ],
        [
          166.9109,
          -0.5256
        ],
        [
          166.9139,
          -0.5211
        ],
        [
          166.9205,
          -0.5164
        ],
        [
          166.9324,
          -0.5036
        ],
        [
          166.937,
          -0.5021
        ],
        [
          166.9481,
          -0.5036
        ],
        [
          166.9545,
          -0.5076
        ],
        [
          166.9579,
          -0.5123
        ],
        [
          166.9593,
          -0.5178
        ],
        [
          166.9573,
          -0.5239
        ],
        [
          166.9524,
          -0.5298
        ],
        [
          166.951,
          -0.5442
        ],
        [
          166.9368,
          -0.5534
        ],
        [
          166.9274,
          -0.5536
        ]
      ]
    ]
  ],
  "city" : "Yaren",
  "north" : -0.504306,
  "east" : 166.945
}